{
  "configs": [
    {
      "label": "224\u00b2 1fps",
      "n_vis": 250,
      "n_sink": 231,
      "agg": {
        "sink_aware": {
          "0.08": 0.35471949594086993,
          "0.2": 0.37051922218162625,
          "0.4": 0.46716153127917837,
          "0.6": 0.4689368484988923,
          "0.8": 0.4632980975148165,
          "1.0": 1.0
        },
        "uniform": {
          "0.08": 0.33788608776844065,
          "0.2": 0.4073509620954876,
          "0.4": 0.4749559082892416,
          "0.6": 0.45398042494776325,
          "0.8": 0.5122474747474747,
          "1.0": 1.0
        },
        "random": {
          "0.08": 0.3999389499389499,
          "0.2": 0.47459824188883953,
          "0.4": 0.43806472720321726,
          "0.6": 0.44847374847374843,
          "0.8": 0.4688208616780045,
          "1.0": 1.0
        }
      }
    },
    {
      "label": "224\u00b2 2fps",
      "n_vis": 500,
      "n_sink": 434,
      "agg": {
        "sink_aware": {
          "0.08": 0.2953118004477135,
          "0.2": 0.383541377716135,
          "0.4": 0.4158646100393673,
          "0.6": 0.4027285845467663,
          "0.8": 0.4468468468468469,
          "1.0": 1.0
        },
        "uniform": {
          "0.08": 0.34186016004197817,
          "0.2": 0.33773990611935273,
          "0.4": 0.4039250920493984,
          "0.6": 0.468606605788015,
          "0.8": 0.5067723016104468,
          "1.0": 1.0
        },
        "random": {
          "0.08": 0.39983800266819136,
          "0.2": 0.4159871234681287,
          "0.4": 0.4438376438376439,
          "0.6": 0.44155844155844165,
          "0.8": 0.5515932155276417,
          "1.0": 1.0
        }
      }
    },
    {
      "label": "336\u00b2 1fps",
      "n_vis": 720,
      "n_sink": 604,
      "agg": {
        "sink_aware": {
          "0.08": 0.3814153226012717,
          "0.2": 0.3625418060200669,
          "0.4": 0.3917842333683918,
          "0.6": 0.3832841691248771,
          "0.8": 0.5023893065998329,
          "1.0": 1.0
        },
        "uniform": {
          "0.08": 0.35988450161678504,
          "0.2": 0.3711173959363239,
          "0.4": 0.3794401998326585,
          "0.6": 0.44550264550264557,
          "0.8": 0.48056923918992883,
          "1.0": 1.0
        },
        "random": {
          "0.08": 0.40584932758845804,
          "0.2": 0.4108264108264108,
          "0.4": 0.41366024107687255,
          "0.6": 0.4506902480962909,
          "0.8": 0.4777408637873754,
          "1.0": 1.0
        }
      }
    },
    {
      "label": "336\u00b2 2fps",
      "n_vis": 1440,
      "n_sink": 1147,
      "agg": {
        "sink_aware": {
          "0.08": 0.256346766848816,
          "0.2": 0.3974144526134256,
          "0.4": 0.32627205268886716,
          "0.6": 0.4304658726742239,
          "0.8": 0.43040221553102115,
          "1.0": 1.0
        },
        "uniform": {
          "0.08": 0.2132752190129239,
          "0.2": 0.4075946817327445,
          "0.4": 0.4450602936209945,
          "0.6": 0.4545454545454546,
          "0.8": 0.42021831215379607,
          "1.0": 1.0
        },
        "random": {
          "0.08": 0.22692004504504504,
          "0.2": 0.43225453060011887,
          "0.4": 0.427781819086167,
          "0.6": 0.41804162021553326,
          "0.8": 0.40723366386981946,
          "1.0": 1.0
        }
      }
    }
  ],
  "budgets": [
    0.08,
    0.2,
    0.4,
    0.6,
    0.8,
    1.0
  ]
}