{
  "n_vis": 250,
  "grounding_layers": [
    18,
    22,
    24
  ],
  "n_prompts": 7,
  "budgets": [
    0.08,
    0.2,
    0.4,
    0.6,
    0.8,
    1.0
  ],
  "agg": {
    "combined": {
      "0.08": 0.46637777172448136,
      "0.2": 0.488388230967899,
      "0.4": 0.5128648029046297,
      "0.6": 0.5302447911671381,
      "0.8": 0.5028292274467346,
      "1.0": 1.0
    },
    "combined_dn": {
      "0.08": 0.4691308342019452,
      "0.2": 0.470802299712903,
      "0.4": 0.5112263621044748,
      "0.6": 0.5302447911671381,
      "0.8": 0.5028292274467346,
      "1.0": 1.0
    },
    "attn_all": {
      "0.08": 0.47873608164660714,
      "0.2": 0.48063536917384797,
      "0.4": 0.48828508429944645,
      "0.6": 0.4878660725381915,
      "0.8": 0.5021567572946943,
      "1.0": 1.0
    },
    "attn_denoised": {
      "0.08": 0.4712736005768076,
      "0.2": 0.4863903267715258,
      "0.4": 0.4733291240229261,
      "0.6": 0.5189498663338497,
      "0.8": 0.5104437084387884,
      "1.0": 1.0
    },
    "phi_based": {
      "0.08": 0.445222867172334,
      "0.2": 0.49048158839901623,
      "0.4": 0.5165190392703843,
      "0.6": 0.4958827888386921,
      "0.8": 0.48915907702571537,
      "1.0": 1.0
    },
    "uniform": {
      "0.08": 0.4525259519339234,
      "0.2": 0.5050046515213535,
      "0.4": 0.5486836855555094,
      "0.6": 0.5473089082531248,
      "0.8": 0.5066657779246153,
      "1.0": 1.0
    },
    "random": {
      "0.08": 0.4778478629968866,
      "0.2": 0.5304844061916473,
      "0.4": 0.5133219398171518,
      "0.6": 0.5163699137639804,
      "0.8": 0.4878624986549608,
      "1.0": 1.0
    }
  }
}