{
  "n_vis": 250,
  "grounding_layers": [
    18,
    22,
    24
  ],
  "sink_dims": [
    458,
    2570
  ],
  "n_sink_phi": 231,
  "corr_attn_phi": 0.1954639722748259,
  "budgets": [
    0.08,
    0.2,
    0.4,
    0.6,
    0.8,
    1.0
  ],
  "agg": {
    "attn_guided": {
      "0.08": 0.3716819599511948,
      "0.2": 0.42189238800596873,
      "0.4": 0.442852644707518,
      "0.6": 0.411530718622244,
      "0.8": 0.45658739765147727,
      "1.0": 1.0
    },
    "phi_based": {
      "0.08": 0.37659668557411424,
      "0.2": 0.42000755709195603,
      "0.4": 0.47420579166918564,
      "0.6": 0.4345344118368555,
      "0.8": 0.4461130304166467,
      "1.0": 1.0
    },
    "uniform": {
      "0.08": 0.3589600615210522,
      "0.2": 0.42294854111540214,
      "0.4": 0.49846019008074344,
      "0.6": 0.4472128637112375,
      "0.8": 0.46112696088933325,
      "1.0": 1.0
    },
    "random": {
      "0.08": 0.4056776556776557,
      "0.2": 0.46384605187998496,
      "0.4": 0.4368325339258307,
      "0.6": 0.4667195321621346,
      "0.8": 0.4490290034932892,
      "1.0": 1.0
    }
  },
  "attn_scores_stats": {
    "mean": 0.0003355900957204388,
    "std": 0.0005114857368292362,
    "min": 2.6708189769427313e-06,
    "max": 0.004941056094442804
  },
  "phi_scores_stats": {
    "mean": 26.090267181396484,
    "std": 4.023012161254883,
    "n_sink": 231
  }
}